{"cameraMode":{"drawMode":0,"name":"Shaded","section":"Shading Mode"},"sceneLighting":false,"audioPlay":false,"sceneViewState":{"m_AlwaysRefresh":false,"showFog":true,"showSkybox":false,"showFlares":true,"showImageEffects":true,"showParticleSystems":true,"showVisualEffectGraphs":true,"m_FxEnabled":true},"in2DMode":false,"pivot":{"x":-3.2615694999694826,"y":3.450704336166382,"z":-17.37034034729004},"rotation":{"x":0.07426723092794419,"y":-0.9001197218894959,"z":0.16936777532100678,"w":0.39452552795410159},"size":0.8660253882408142,"orthographic":false}